"Kohteen tila (pakollinen);";"Nykyisen kohteen id (pakollinen);";"VR Track -tunniste;";"Omaisuuslaji (pakollinen);";"Viimeksi muokattu;";"Ehdotettu ajankohta (pakollinen);";"Isännöintialue;";"Käyttökeskusalue;";"Kunnossapitoalue;";"Asetettu kunnossapitoalue;";"Tilirataosa;";"E (ETRS-TM35FIN);";"N (ETRS-TM35FIN);";"E (WGS84);";"N (WGS84);";"E (Generoitu, ETRS-TM35FIN);";"N (Generoitu, ETRS-TM35FIN);";"longitude;";"latitude;";"Sijainnin tarkkuus;";"Ratanumero (pakollinen);";"Sijaintiraide (pakollinen);";"Ratakilometrisijainti (pakollinen);";"Tarkka Ratakilometrisijainti;";"Syöttöaseman tunnus (pakollinen);";"Tyyppi (pakollinen);";"name;";"Omistaja (pakollinen);";"Saneerattu (pakollinen);";"Käyttöönottovuosi;";"Arvioitu käyttöönottopäivä;";"Arvioitu käytöstäpoistopäivä;";"Saneerausvuosi;";"Muutoksen syy (pakollinen);";"Lisätiedot;"
'IN USE;'1.2.246.578.3.184.690529;;'feeder_station;'2024-02-06T10:43Z;;'Etelä-Suomi;'Helsinki;'1;;'1104 (Pasila)–Kirkkonummi;;;;;'366200.67417593335;'6674516.663038297;'24.58732419654881;'60.18551536002613;;'001;'001 ER LPV-KKN;'0025+0100;'0025+0100;'MANKKI SA;'1x25kV;'MANKKI SA;'Väylävirasto;;;;;;;
'IN USE;'1.2.246.578.3.184.690544;;'feeder_station;'2024-02-06T10:42Z;;'Etelä-Suomi;'Helsinki;'2;;'1201 (Kirkkonummi)–Karjaa–(Turku);;;;;'341974.3331592962;'6669405.097262513;'24.15502281647213;'60.13101229935515;;'001;'001 KKN-KUT;'0055+0514;'0055+0514;'KÄK SA;'1x25kV;'KÄKELÄ SA;'Väylävirasto;;;;;;;
'IN USE;'1.2.246.578.3.184.690547;;'feeder_station;'2024-02-06T10:42Z;;'Etelä-Suomi;'Helsinki;'2;;'1201 (Kirkkonummi)–Karjaa–(Turku);;;;;'311552.60074838274;'6663766.477011022;'23.61355757344094;'60.06758616578563;;'001;'001 KKN-KUT;'0090+0052;'0090+0052;'KÖS SA;'1x25kV;'KÖPSKOG SA;'Väylävirasto;;;;;;;
'IN USE;'1.2.246.578.3.184.690548;;'feeder_station;'2024-02-06T10:41Z;;'Etelä-Suomi;'Helsinki;'2;;'1201 (Kirkkonummi)–Karjaa–(Turku);;;;;'287235.35527437716;'6685743.631114423;'23.15468364708717;'60.25258301788169;;'001;'001 KKN-KUT;'0126+0700;'0126+0700;'LVK SA;'1x25kV;'LAVIAMÄKI SA;'Väylävirasto;;;;;;;
'IN USE;'1.2.246.578.3.184.690550;;'feeder_station;'2024-02-06T10:41Z;;'Etelä-Suomi;'Helsinki;'2;;'1201 (Kirkkonummi)–Karjaa–(Turku);;;;;'269339.750990635;'6706009.619155099;'22.808972806676007;'60.424316225010685;;'001;'001 KKN-KUT;'0163+0628;'0163+0628;'PTP SA;'1x25kV;'PITKÄPORRAS SA;'Väylävirasto;;;;;;;
'IN USE;'1.2.246.578.3.184.690551;;'feeder_station;'2021-06-10T04:57Z;;'Etelä-Suomi;'Helsinki;'2;;'1207 Turku ratapiha;;;;;'240330.9581318355;'6712082.127676092;'22.275969401096535;'60.46106573064241;;'001;'001 KKN-KUT;'0198+0180;'0198+0180;;'1x25kV;'TIIRANTIE SA;'Väylävirasto;;;;;;;
'IN USE;'1.2.246.578.3.184.362503;;'feeder_station;'2024-02-06T08:12Z;;'Länsi-Suomi;'Tampere;'4;;'1401 (Lielahti)–Kokemäki–(Pori);;;;;'291900.62805162976;'6820557.668489465;'23.0938609457638;'61.46266082977047;;'002;'002;'0227+0380;'0227+0380;'JRÄ SA;'1x25kV;'Jyrä SA;'Väylävirasto;;;;;;;
'IN USE;'1.2.246.578.3.184.362504;;'feeder_station;'2024-02-06T08:12Z;;'Länsi-Suomi;'Tampere;'4;;'1401 (Lielahti)–Kokemäki–(Pori);;;;;'265679.47599249124;'6803920.9180711;'22.624186112514195;'61.2987739479128;;'002;'002;'0263+0042;'0263+0042;'KKR SA;'1x25kV;'Kaitakorpi SA;'Väylävirasto;;;;;;;
'IN USE;'1.2.246.578.3.184.362505;;'feeder_station;'2024-02-06T08:12Z;;'Länsi-Suomi;'Tampere;'4;;'1401 (Lielahti)–Kokemäki–(Pori);;;;;'230681.52079778368;'6817216.822344102;'21.954252862789648;'61.395091130560324;;'002;'002;'0309+0313;'0309+0313;'RSA SA;'1x25kV;'Ruskila SA;'Väylävirasto;;;;;;;
'IN USE;'1.2.246.578.3.184.690194;;'feeder_station;'2024-02-06T10:42Z;;'Etelä-Suomi;'Helsinki;'1;;'1102 (Pasila)–(Riihimäki);;;;;'385071.660012234;'6720608.677823883;'24.900854648670823;'60.604841510356415;;'003;'003 IR PUR-RI;'0055+0012;'0055+0012;'PSU SA;'1x25kV;'PIKKUSUO SA;'Väylävirasto;;;;;;;
'IN USE;'1.2.246.578.3.184.689879;;'feeder_station;'2024-02-06T10:42Z;;'Etelä-Suomi;'Helsinki;'1;;'1102 (Pasila)–(Riihimäki);;;;;'388205.2635520224;'6679374.269878793;'24.981118414579374;'60.235728774724606;;'003;'003 IsR HKI-KE;'0008+0465;'0008+0465;'OLK SA;'1x25kV;'OULUNKYLÄ SA;'Väylävirasto;;;;;;;
'IN USE;'1.2.246.578.3.184.689887;;'feeder_station;'2024-02-06T10:42Z;;'Etelä-Suomi;'Helsinki;'1;;'1102 (Pasila)–(Riihimäki);;;;;'393504.7164094843;'6690434.602305216;'25.07091647129113;'60.33640265581664;;'003;'003 IsR HKI-KE;'0021+0030;'0021+0030;'MATARI SA;'1x25kV;'MATARI SA;'Väylävirasto;;;;;;;
'IN USE;'1.2.246.578.3.184.689895;;'feeder_station;'2024-02-06T10:42Z;;'Etelä-Suomi;'Helsinki;'1;;'1102 (Pasila)–(Riihimäki);;;;;'395242.6952197134;'6695859.98809742;'25.09954579927182;'60.38554191817572;;'003;'003 IsR HKI-KE;'0026+0748;'0026+0748;'SAV SA;'1x25kV;'SAVIO SA;'Väylävirasto;;;;;;;
'IN USE;'1.2.246.578.3.184.362498;;'feeder_station;'2024-02-06T11:14Z;;'Länsi-Suomi;'Tampere;'3;;'1302 (Tampere)–(Seinäjoki);;;;;'321962.26836929744;'6825173.689346418;'23.652458002750887;'61.51901884329162;;'003;'003 LLH-PLU;'0195+0238;'0195+0238;'LMP SA;'1x25kV;'Lamminpää SA;'Väylävirasto;;;;;;;
'IN USE;'1.2.246.578.3.184.362499;;'feeder_station;'2024-02-06T11:14Z;;'Länsi-Suomi;'Tampere;'3;;'1302 (Tampere)–(Seinäjoki);;;;;'307543.0322969762;'6857295.017104089;'23.348117282948564;'61.79988107923287;;'003;'003 LLH-PLU;'0230+0910;'0230+0910;'STÖ SA;'1x25kV;'Sisättö SA;'Väylävirasto;;;;;;;
'IN USE;'1.2.246.578.3.184.362500;;'feeder_station;'2024-02-06T11:14Z;;'Länsi-Suomi;'Tampere;'3;;'1302 (Tampere)–(Seinäjoki);;;;;'294882.75847228017;'6890317.327446188;'23.070654208463036;'62.089032359578034;;'003;'003 LLH-PLU;'0266+0637;'0266+0637;'RÄN SA;'1x25kV;'Rännäri SA;'Väylävirasto;;;;;;;
'IN USE;'1.2.246.578.3.184.362501;;'feeder_station;'2024-02-06T11:14Z;;'Länsi-Suomi;'Tampere;'3;;'1302 (Tampere)–(Seinäjoki);;;;;'291254.3954174013;'6925182.582058087;'22.95972370621336;'62.3992324171872;;'003;'003 LLH-PLU;'0301+0693;'0301+0693;'YLV SA;'1x25kV;'Ylivalli SA;'Väylävirasto;;;;;;;
'IN USE;'1.2.246.578.3.184.362502;;'feeder_station;'2024-02-06T11:14Z;;'Länsi-Suomi;'Tampere;'3;;'1302 (Tampere)–(Seinäjoki);;;;;'291917.33132892335;'6960115.238273005;'22.929948752003153;'62.7123711524266;;'003;'003 LR PLU-SEI;'0336+0659;'0336+0659;'PNE SA;'1x25kV;'Pahaneva SA;'Väylävirasto;;;;;;;
'IN USE;'1.2.246.578.3.184.362496;;'feeder_station;'2024-02-06T11:15Z;;'Länsi-Suomi;'Tampere;'3;;'1301 (Riihimäki)–Toijala–(Tampere);;;;;'365350.07902547374;'6762616.743650272;'24.51194134539125;'60.975511748591515;;'003;'003 LR SAM-SJ;'0104+0027;'0104+0027;'KUK SA;'1x25kV;'Kukkola SA;'Väylävirasto;;;;;;;
'IN USE;'1.2.246.578.3.184.362497;;'feeder_station;'2024-02-06T11:14Z;;'Länsi-Suomi;'Tampere;'3;;'1301 (Riihimäki)–Toijala–(Tampere);;;;;'327550.5043457915;'6788555.902946797;'23.791143974815366;'61.19334085921785;;'003;'003 LR SAM-SJ;'0151+0930;'0151+0930;'ARM SA;'1x25kV;'Arometsä SA;'Väylävirasto;;;;;;;
'IN USE;'1.2.246.578.3.184.573030;;'feeder_station;'2024-02-06T11:14Z;;'Länsi-Suomi;'Kouvola;'5;;'1504 (Jyväskylä)–Äänekoski;;;;;'444200.79522091587;'6919192.829002144;'25.920456782859794;'62.39986637511729;;'004;'004;'0398+0620;'0398+0620;'LME SA;'1x25kV;'LEMETTILÄ SA ;'Väylävirasto;;;;;;;
'IN USE;'1.2.246.578.3.184.573031;;'feeder_station;'2024-02-06T11:14Z;;'Länsi-Suomi;'Kouvola;'5;;'1504 (Jyväskylä)–Äänekoski;;;;;'440361.8020142082;'6937650.459044056;'25.83978920139625;'62.56491226124652;;'004;'004;'0418+0530;'0418+0530;'RHV SA;'1x25kV;'RIIHIVUORI SA ;'Väylävirasto;;;;;;;
'IN USE;'1.2.246.578.3.184.575052;;'feeder_station;'2024-02-06T11:56Z;;'Itä-Suomi;'Kouvola;'6;;'1605 (Kouvola)–(Pieksämäki);;;;;'484290.67357221904;'6763160.141754303;'26.70951986565969;'61.003034189135704;;'005;'005;'0209+0290;'0209+0290;'KVL SA;'1x25kV;'KORVENLAITA SA;'Väylävirasto;;;;;;;
'IN USE;'1.2.246.578.3.184.575220;;'feeder_station;'2024-02-06T11:56Z;;'Itä-Suomi;'Kouvola;'6;;'1605 (Kouvola)–(Pieksämäki);;;;;'489625.82916726894;'6792321.267605183;'26.806576909162633;'61.26500967236813;;'005;'005;'0242+0750;'0242+0750;'VOI SA;'1x25kV;'VOIKOSKI SA;'Väylävirasto;;;;;;;
'IN USE;'1.2.246.578.3.184.575223;;'feeder_station;'2024-02-06T11:56Z;;'Itä-Suomi;'Kouvola;'6;;'1605 (Kouvola)–(Pieksämäki);;;;;'498924.4629833551;'6822131.064735352;'26.979774635852667;'61.53275972082835;;'005;'005;'0276+0983;'0276+0983;'LKL SA;'1x25kV;'LELKOLA SA;'Väylävirasto;;;;;;;
'IN USE;'1.2.246.578.3.184.575225;;'feeder_station;'2024-02-06T11:56Z;;'Itä-Suomi;'Kouvola;'6;;'1605 (Kouvola)–(Pieksämäki);;;;;'515026.08519720525;'6843025.830003073;'27.284277277054844;'61.72004034675306;;'005;'005;'0308+0952;'0308+0952;'SVS SA;'1x25kV;'SAVISILTA SA;'Väylävirasto;;;;;;;
'IN USE;'1.2.246.578.3.184.575228;;'feeder_station;'2024-02-06T11:55Z;;'Itä-Suomi;'Kouvola;'6;;'1605 (Kouvola)–(Pieksämäki);;;;;'510705.7315243268;'6878614.6977584995;'27.204662758356342;'62.03965537705896;;'005;'005;'0346+0005;'0346+0005;'AML SA;'1x25kV;'ARMALA SA;'Väylävirasto;;;;;;;
'IN USE;'1.2.246.578.3.184.402112;;'feeder_station;'2024-02-06T09:53Z;;'Itä-Suomi;'Oulu;'8;;'1804 (Pieksämäki)–(Kuopio);;;;;'507441.9448200527;'6940583.911429776;'27.144922320473285;'62.59597790418233;;'005;'005;'0410+0500;'0410+0500;'RJK SA;'1x25kV;'Rajakorpi SA;'Väylävirasto;;;;;;;
'IN USE;'1.2.246.578.3.184.402113;;'feeder_station;'2024-02-06T09:53Z;;'Itä-Suomi;'Oulu;'8;;'1804 (Pieksämäki)–(Kuopio);;;;;'526421.7958834091;'6960277.750493307;'27.517597242281422;'62.77186620822015;;'005;'005;'0444+0074;'0444+0074;'KRM SA;'1x25kV;'Kurkimäki SA;'Väylävirasto;;;;;;;
'IN USE;'1.2.246.578.3.184.402105;;'feeder_station;'2024-02-06T09:53Z;;'Itä-Suomi;'Oulu;'8;;'1805 (Kuopio)–Siilinjärvi–(Iisalmi);;;;;'537544.5116882809;'6988145.935148858;'27.741761691287287;'63.02100334725787;;'005;'005;'0482+0101;'0482+0101;'MTO SA;'1x25kV;'Matomäki SA;'Väylävirasto;;;;;;;
'IN USE;'1.2.246.578.3.184.402106;;'feeder_station;'2024-02-06T09:53Z;;'Itä-Suomi;'Oulu;'8;;'1805 (Kuopio)–Siilinjärvi–(Iisalmi);;;;;'522712.13676902594;'7018037.754193105;'27.45290001740092;'63.29050918370172;;'005;'005;'0516+1071;'0516+1071;'TVP SA;'1x25kV;'Tervapuro SA;'Väylävirasto;;;;;;;
'IN USE;'1.2.246.578.3.184.402107;;'feeder_station;'2024-02-06T09:53Z;;'Itä-Suomi;'Oulu;'8;;'1809 Iisalmi ratapiha;;;;;'509822.37165027607;'7049105.275737151;'27.197782436020507;'63.569915458074256;;'005;'005;'0551+0460;'0551+0460;'PKT SA;'1x25kV+2x25kV;'Parkatti SA;'Väylävirasto;;;;;;;
'IN USE;'1.2.246.578.3.184.400943;;'feeder_station;'2024-02-06T10:43Z;;'Pohjois-Suomi;'Oulu;'11;;'2101 (Iisalmi)–(Kontiomäki);;;;;'528711.4152217724;'7105159.732573332;'27.588518685871243;'64.0719080770107;;'005;'005;'0614+0100;'0614+0100;'MUM SA;'2x25kV;'Murtomäki SA;'Väylävirasto;;;;;;;
'IN USE;'1.2.246.578.3.184.400942;;'feeder_station;'2024-02-06T10:43Z;;'Pohjois-Suomi;'Oulu;'11;;'2101 (Iisalmi)–(Kontiomäki);;;;;'543692.2845168754;'7128527.904701365;'27.902344443223154;'64.28001787530798;;'005;'005;'0644+0417;'0644+0417;'KAO SA;'2x25kV;'Kalliovarasto SA;'Väylävirasto;;;;;;;
'IN USE;'1.2.246.578.3.184.690527;;'feeder_station;'2024-02-06T11:56Z;;'Etelä-Suomi;'Helsinki;'1;;'1103 (Riihimäki)–(Lahti);;;;;'386249.26058195013;'6736837.860747443;'24.91293553274486;'60.75079206650794;;'006;'006 ER RI-LÄ;'0079+0340;'0079+0340;'HSJ SA;'1x25kV;'HAUSJÄRVI SA;'Väylävirasto;;;;;;;
'IN USE;'1.2.246.578.3.184.575732;;'feeder_station;'2024-02-06T11:56Z;;'Itä-Suomi;'Kouvola;'6;;'1601 (Lahti)–(Kouvola);;;;;'432192.11337376945;'6758816.031341085;'25.74787054324969;'60.958529773320116;;'006;'006 ER RI-LÄ;'0135+0530;'0135+0530;'KVA SA;'1x25kV;'KOLAVA SA;'Väylävirasto;;;;;;;
'IN USE;'1.2.246.578.3.184.575726;;'feeder_station;'2024-02-06T10:44Z;;'Itä-Suomi;'Kouvola;'7;;'1701 (Kouvola)–Luumäki;;;;;'541494.5982218483;'6756897.137354574;'27.76588576795836;'60.94494141230317;;'006;'006 ER RI-LÄ;'0250+0760;'0250+0760;'LMK SA;'1x25kV;'LUUMÄKI SA;'Väylävirasto;;;;;;;
'IN USE;'1.2.246.578.3.184.445692;;'feeder_station;'2024-02-06T10:44Z;;'Itä-Suomi;'Kouvola;'7;;'1714 Imatra T ratapiha;;;;;'597301.4573267669;'6786813.485973389;'28.81078135070868;'61.2036028056056;;'006;'006 IMA-KON;'0326+0047;'0326+0047;'VRO SA;'1x25kV;'VIRASOJA SA;'Väylävirasto;;;;;;;
'IN USE;'1.2.246.578.3.184.445906;;'feeder_station;'2024-02-06T10:44Z;;'Itä-Suomi;'Kouvola;'7;;'1703 (Luumäki)–(Lappeenranta)–(Imatra T)–Parikkala;;;;;'623664.2634132947;'6807122.796797605;'29.314358502591894;'61.378341817474706;;'006;'006 IMA-KON;'0361+0760;'0361+0760;'LKO SA;'1x25kV;'LAIKKO SA;'Väylävirasto;;;;;;;
'IN USE;'1.2.246.578.3.184.445908;;'feeder_station;'2024-02-06T10:44Z;;'Itä-Suomi;'Kouvola;'7;;'1705 (Parikkala)–(Joensuu);;;;;'637802.2021280545;'6838036.995572235;'29.601723427985327;'61.650826149741306;;'006;'006 IMA-KON;'0399+0360;'0399+0360;'PAN SA;'1x25kV;'PAKSUNIEMI SA;'Väylävirasto;;;;;;;
'IN USE;'1.2.246.578.3.184.445909;;'feeder_station;'2024-02-06T10:43Z;;'Itä-Suomi;'Kouvola;'7;;'1705 (Parikkala)–(Joensuu);;;;;'650000.6883909012;'6871628.440075391;'29.85958728485049;'61.94743167342193;;'006;'006 IMA-KON;'0435+0300;'0435+0300;'VMO SA;'1x25kV;'VARMO SA;'Väylävirasto;;;;;;;
'IN USE;'1.2.246.578.3.184.445913;;'feeder_station;'2024-02-06T10:43Z;;'Itä-Suomi;'Kouvola;'7;;'1705 (Parikkala)–(Joensuu);;;;;'661726.9816883024;'6906127.9981785;'30.11433074543174;'62.25184742151565;;'006;'006 IMA-KON;'0472+0690;'0472+0690;'VIN SA;'1x25kV;'VINSKA SA;'Väylävirasto;;;;;;;
'IN USE;'1.2.246.578.3.184.445916;;'feeder_station;'2024-02-06T10:43Z;;'Itä-Suomi;'Kouvola;'7;;'1705 (Parikkala)–(Joensuu);;;;;'646865.7005866254;'6933902.5955704795;'29.85216618450807;'62.50696823826554;;'006;'006 IMA-KON;'0612+0800;'0612+0800;'NTH SA;'1x25kV;'NIITTYLAHTI SA;'Väylävirasto;;;;;;;
'IN USE;'1.2.246.578.3.184.445707;;'feeder_station;'2024-02-06T10:44Z;;'Itä-Suomi;'Kouvola;'7;;'1703 (Luumäki)–(Lappeenranta)–(Imatra T)–Parikkala;;;;;'567887.9397076486;'6770701.182824177;'28.257821202488724;'61.065193992728766;;'006;'006 LÄ-JTS;'0291+0728;'0291+0728;'LRS SA;'1x25kV;'LAURITSALA SA;'Väylävirasto;;;;;;;
'IN USE;'1.2.246.578.3.184.575734;;'feeder_station;'2024-02-06T11:56Z;;'Itä-Suomi;'Kouvola;'6;;'1601 (Lahti)–(Kouvola);;;;;'477840.8918839183;'6745475.911593272;'26.592293999085364;'60.843959562261475;;'006;'006 PR RI-LÄ;'0184+0752;'0184+0752;'NPA SA;'1x25kV;'NAPPA SA;'Väylävirasto;;;;;;;
'IN USE;'1.2.246.578.3.184.575724;;'feeder_station;'2024-02-06T10:44Z;;'Itä-Suomi;'Kouvola;'7;;'1701 (Kouvola)–Luumäki;;;;;'496075.9036804727;'6749159.744598955;'26.927724730621993;'60.8776321003277;;'006;'006 PR RI-LÄ;'0203+0777;'0203+0777;'UTI SA;'1x25kV;'UTTI SA;'Väylävirasto;;;;;;;
'IN USE;'1.2.246.578.3.184.572021;;'feeder_station;'2024-02-06T10:43Z;;'Etelä-Suomi;'Kouvola;'1;;'1107 (Kytömaa)–(Hakosilta);;;;;'397496.2836457726;'6707540.838857969;'25.134403578982145;'60.49094203284562;;'007;'007 PR KE-HLT;'0038+0974;'0038+0974;'HAA SA;'2x25kV;'HAARAJOKI SA;'Väylävirasto;;;;;;;
'IN USE;'1.2.246.578.3.184.572013;;'feeder_station;'2024-02-06T10:43Z;;'Etelä-Suomi;'Kouvola;'1;;'1107 (Kytömaa)–(Hakosilta);;;;;'418057.44495215727;'6741352.581456933;'25.49436096512894;'60.79911920227023;;'007;'007 PR KE-HLT;'0079+0371;'0079+0371;'IHN SA;'2x25kV;'ISO-HENNA SA;'Väylävirasto;;;;;;;
'IN USE;'1.2.246.578.3.184.402115;;'feeder_station;'2024-02-06T11:14Z;;'Länsi-Suomi;'Oulu;'3;;'1309 (Seinäjoki)–(Kokkola);;;;;'298041.0290789864;'6987251.667865062;'23.016588697268404;'62.95876656188324;;'008;'008 LPA-KOK;'0439+0680;'0439+0680;'HDN SA;'1x25kV;'Huhdanneva SA;'Väylävirasto;;;;;;;
'IN USE;'1.2.246.578.3.184.402116;;'feeder_station;'2024-02-06T11:14Z;;'Länsi-Suomi;'Oulu;'3;;'1309 (Seinäjoki)–(Kokkola);;;;;'291558.95598705567;'7022714.62799802;'22.84393818887914;'63.272566309510424;;'008;'008 LPA-KOK;'0477+0550;'0477+0550;'VOL SA;'1x25kV;'Voltti SA;'Väylävirasto;;;;;;;
'IN USE;'1.2.246.578.3.184.402060;;'feeder_station;'2024-02-06T08:12Z;;'Länsi-Suomi;'Oulu;'3;;'1309 (Seinäjoki)–(Kokkola);;;;;'289208.7583626099;'7055546.330735906;'22.753907627753264;'63.56504901478704;;'008;'008 LPA-KOK;'0514+0715;'0514+0715;'TLK SA;'1x25kV;'Tiilimäki SA;'Väylävirasto;;;;;;;
'IN USE;'1.2.246.578.3.184.402064;;'feeder_station;'2024-02-06T08:12Z;;'Pohjois-Suomi;'Oulu;'9;;'1901 (Kokkola)–(Ylivieska)–(Oulu);;;;;'342669.3446985299;'7088118.0876931185;'23.79557463932754;'63.884701467528785;;'008;'008 LR KOK-YV;'0585+0500;'0585+0500;'OHN SA;'1x25kV;'Ohenneva SA;'Väylävirasto;;;;;;;
'IN USE;'1.2.246.578.3.184.402065;;'feeder_station;'2024-02-06T08:12Z;;'Pohjois-Suomi;'Oulu;'9;;'1901 (Kokkola)–(Ylivieska)–(Oulu);;;;;'371018.3408116258;'7099841.752954935;'24.36228687548685;'64.00142175587607;;'008;'008 LR KOK-YV;'0618+0270;'0618+0270;'RKN SA;'1x25kV;'Rieskaneva SA;'Väylävirasto;;;;;;;
'IN USE;'1.2.246.578.3.184.402066;;'feeder_station;'2024-02-06T08:12Z;;'Pohjois-Suomi;'Oulu;'9;;'1901 (Kokkola)–(Ylivieska)–(Oulu);;;;;'381377.97232569166;'7109157.863827278;'24.566633022983602;'64.08864038735406;;'008;'008 YV-KJÄ;'0632+0800;'0632+0800;'YV rata SA;'1x25kV;'Yv rata SA;'Väylävirasto;;;;;;;
'IN USE;'1.2.246.578.3.184.402067;;'feeder_station;'2024-02-06T08:12Z;;'Pohjois-Suomi;'Oulu;'9;;'1901 (Kokkola)–(Ylivieska)–(Oulu);;;;;'393175.2733526024;'7123662.349865485;'24.79812515748012;'64.22254779548508;;'008;'008 YV-KJÄ;'0652+0360;'0652+0360;'NVS SA;'1x25kV;'Nevasaari SA;'Väylävirasto;;;;;;;
'IN USE;'1.2.246.578.3.184.402069;;'feeder_station;'2024-02-06T08:12Z;;'Pohjois-Suomi;'Oulu;'9;;'1901 (Kokkola)–(Ylivieska)–(Oulu);;;;;'402745.4134487328;'7146568.542016891;'24.980235273701222;'64.43081069110502;;'008;'008 YV-KJÄ;'0678+0550;'0678+0550;'ALP SA;'1x25kV;'Alpua SA;'Väylävirasto;;;;;;;
'IN USE;'1.2.246.578.3.184.402070;;'feeder_station;'2024-02-06T08:11Z;;'Pohjois-Suomi;'Oulu;'9;;'1901 (Kokkola)–(Ylivieska)–(Oulu);;;;;'405303.9903036539;'7164863.146626819;'25.021493422269508;'64.59559830023375;;'008;'008 YV-KJÄ;'0697+0025;'0697+0025;'TJA SA;'2x25kV;'Tuomioja SA;'Väylävirasto;;;;;;;
'IN USE;'1.2.246.578.3.184.402071;;'feeder_station;'2024-02-06T08:11Z;;'Pohjois-Suomi;'Oulu;'9;;'1901 (Kokkola)–(Ylivieska)–(Oulu);;;;;'415690.26429751836;'7180114.702255936;'25.229466161366894;'64.73513583577645;;'008;'008 YV-KJÄ;'0715+0750;'0715+0750;'HVN SA;'1x25kV+2x25kV;'Hirvineva SA;'Väylävirasto;;;;;;;
'IN USE;'1.2.246.578.3.184.402073;;'feeder_station;'2024-02-05T10:52Z;;'Pohjois-Suomi;'Oulu;'9;;'1901 (Kokkola)–(Ylivieska)–(Oulu);;;;;'430093.42826319556;'7203367.272989872;'25.520391877043966;'64.947014727859;;'008;'008 YV-KJÄ;'0744+0929;'0744+0929;'Kuivala SA;'1x25kV+2x25kV;'Kuivala SA;'Väylävirasto;;;;;;;
'IN USE;'1.2.246.578.3.184.402109;;'feeder_station;'2024-02-06T08:11Z;;'Pohjois-Suomi;'Oulu;'12;;'2201 (Oulu)–(Kemi)–Laurila–(Tornio);;;;;'427367.97289593454;'7247521.110946112;'25.439642856764547;'65.3424623413379;;'008;'008 YV-KJÄ;'0791+0825;'0791+0825;'VRS SA;'2x25kV;'Varpasuo SA;'Väylävirasto;;;;;;;
'IN USE;'1.2.246.578.3.184.402110;;'feeder_station;'2024-02-06T08:11Z;;'Pohjois-Suomi;'Oulu;'12;;'2202 (Laurila)–(Rovaniemi);;;;;'393481.7414441233;'7312435.794373215;'24.660426058986953;'65.91512789092636;;'008;'008 YV-KJÄ;'0880+0950;'0880+0950;'KVK SA;'2x25kV;'Kivikumpu SA;'Väylävirasto;;;;;;;
'IN USE;'1.2.246.578.3.184.402111;;'feeder_station;'2024-02-06T08:11Z;;'Pohjois-Suomi;'Oulu;'12;;'2202 (Laurila)–(Rovaniemi);;;;;'436366.4728295527;'7374864.905945264;'25.57058498504315;'66.48648714857626;;'008;'008 YV-KJÄ;'0965+0603;'0965+0603;'ETE SA;'2x25kV;'Eteläkangas SA;'Väylävirasto;;;;;;;
'IN USE;'1.2.246.578.3.184.402114;;'feeder_station;'2024-02-06T08:11Z;;'Pohjois-Suomi;'Oulu;'12;;'2204 (Rovaniemi)–(Kemijärvi)–Patokangas;;;;;'516641.3159342424;'7399279.317537214;'27.377198492075877;'66.71158505781281;;'008;'008 YV-KJÄ;'1054+0250;'1054+0250;'KJÄ SA;'2x25kV;'Kemijärvi SA;'Väylävirasto;;;;;;;
'IN USE;'1.2.246.578.3.184.362509;;'feeder_station;'2024-02-06T09:54Z;;'Länsi-Suomi;'Tampere;'4;;'1405 (Tampere)–Orivesi–(Jyväskylä);;;;;'375475.11103215936;'6844691.156729737;'24.64414482437808;'61.71504278191575;;'009;'009 OV-JY;'0245+0890;'0245+0890;'ERL SA;'1x25kV;'Eräslahti SA;'Väylävirasto;;;;;;;
'IN USE;'1.2.246.578.3.184.362510;;'feeder_station;'2024-02-06T09:54Z;;'Länsi-Suomi;'Tampere;'4;;'1405 (Tampere)–Orivesi–(Jyväskylä);;;;;'403468.4186933628;'6859399.036333232;'25.16552820334663;'61.855081387999626;;'009;'009 OV-JY;'0282+0833;'0282+0833;'SEP SA;'1x25kV;'Seppola SA;'Väylävirasto;;;;;;;
'IN USE;'1.2.246.578.3.184.362511;;'feeder_station;'2024-02-06T09:54Z;;'Länsi-Suomi;'Tampere;'4;;'1405 (Tampere)–Orivesi–(Jyväskylä);;;;;'427834.59404142614;'6882230.36990217;'25.61916626533865;'62.06536620560443;;'009;'009 OV-JY;'0319+0400;'0319+0400;'MNÄ SA;'1x25kV;'Mäntylä SA;'Väylävirasto;;;;;;;
'IN USE;'1.2.246.578.3.184.362508;;'feeder_station;'2024-02-06T07:53Z;;'Länsi-Suomi;'Tampere;'4;;'1405 (Tampere)–Orivesi–(Jyväskylä);;;;;'342969.77544329426;'6826547.0203956505;'24.045618853778098;'61.5404414602334;;'009;'009 PR TPE-OV;'0205+0600;'0205+0600;'SUI SA;'1x25kV;'Suinula SA;'Väylävirasto;;;;;;;
'IN USE;'1.2.246.578.3.184.572742;;'feeder_station;'2024-02-06T09:54Z;;'Länsi-Suomi;'Kouvola;'4;;'1406 (Jyväskylä)–(Pieksämäki);;;;;'448134.9399402779;'6901577.233364175;'26.00181362246144;'62.242338913866874;;'023;'023;'0391+0570;'0391+0570;'LEP SA;'1x25kV;'LEPPÄLAHTI SA;'Väylävirasto;;;;;;;
'IN USE;'1.2.246.578.3.184.572749;;'feeder_station;'2024-02-06T09:54Z;;'Länsi-Suomi;'Kouvola;'4;;'1406 (Jyväskylä)–(Pieksämäki);;;;;'474704.5479350366;'6909356.251774092;'26.512005593696205;'62.31489762555785;;'023;'023;'0420+0380;'0420+0380;'RSL SA;'1x25kV;'RISTILÄ SA ;'Väylävirasto;;;;;;;
'IN USE;'1.2.246.578.3.184.575730;;'feeder_station;'2024-02-06T09:54Z;;'Itä-Suomi;'Kouvola;'8;;'1806 Pieksämäki ratapiha;;;;;'508541.4789912205;'6906900.861426861;'27.16466298125711;'62.29361629378302;;'023;'023;'0456+0298;'0456+0298;'THI SA;'1x25kV;'TAHI SA;'Väylävirasto;;;;;;;
'IN USE;'1.2.246.578.3.184.1090896;;'feeder_station;'2024-02-06T11:55Z;;'Pohjois-Suomi;'Oulu;'9;;'2002 (Iisalmi)–Haapajärvi–(Ylivieska);;;;;'479383.2071682582;'7057821.143919732;'26.583724916696664;'63.64767007248215;;'087;'087;'0585+0566;'0585+0566;'PORTTILA SA;'2x25kV;'Porttila SA;'Väylävirasto;'Ei;;;;;;
'IN USE;'1.2.246.578.3.184.1090889;;'feeder_station;'2024-02-06T11:55Z;;'Pohjois-Suomi;'Oulu;'9;'9;'2002 (Iisalmi)–Haapajärvi–(Ylivieska);;;;;'413048.70789522293;'7078334.538378492;'25.233382008828332;'63.82156952682785;;'087;'087;'0658+0340;'0658+0340;'TONTTILA SA;'2x25kV;'Tonttila SA;'Väylävirasto;'Ei;'2023;'2023-12-11T22:00Z;'2023-12-11T22:00Z;;;
'IN USE;'1.2.246.578.3.184.690532;;'feeder_station;'2024-02-06T10:43Z;;'Etelä-Suomi;'Helsinki;'1;;'1105 (Huopalahti)–Vantaankoski–(Havukoski);;;;;'381343.80578007293;'6681837.826708941;'24.855862127783166;'60.25589159040595;;'123;'123 IR HPL-VKS;'0011+0523;'0011+0523;'KIL SA;'1x25kV;'KILTERI SA;'Väylävirasto;;;;;;;
'IN USE;'1.2.246.578.3.184.690536;;'feeder_station;'2024-02-06T10:43Z;;'Etelä-Suomi;'Helsinki;'1;;'1106 (Kerava)–Sköldvik/Porvoo;;;;;'408863.25718525326;'6696072.310147446;'25.346417075570347;'60.39074444500768;;'131;'131;'0043+0790;'0043+0790;'LINNANPELTO SA;'1x25kV;'LINNANPELTO SA;'Väylävirasto;;;;;;;
'IN USE;'1.2.246.578.3.184.1045964;;'feeder_station;'2024-02-06T11:15Z;;'Etelä-Suomi;'Helsinki;'2;'2;'1205 (Karjaa)–Hanko;;;;;'306126.4838106738;'6657380.916517508;'23.522284655273094;'60.00782478488008;;'142;'142;'0168+0348;'0168+0348;'DRA SA;'1x25kV;'Dragsvik SA;'Väylävirasto;'Ei;'2023;;;;;
'IN USE;'1.2.246.578.3.184.1045962;;'feeder_station;'2024-02-06T11:15Z;;'Etelä-Suomi;'Helsinki;'2;'2;'1205 (Karjaa)–Hanko;'286321.5570126638;'6645323.229099661;'23.180370146;'59.88997822;;;;;'DESIGNED GEOLOCATION;'142;'142;'0193+0187;'0193+0187;'VISKO SA;'1x25kV;'Visko SA;'Väylävirasto;'Ei;'2023;;;;;
'IN USE;'1.2.246.578.3.184.575728;;'feeder_station;'2024-02-06T10:44Z;;'Itä-Suomi;'Kouvola;'7;;'1702 (Luumäki)–(Vainikkala);;;;;'559601.0936711594;'6753530.037376356;'28.098982910808477;'60.91240339292843;;'213;'213;'0269+0678;'0269+0678;'RPO SA;'1x25kV;'RAIPPO SA;'Väylävirasto;;;;;;;
'IN USE;'1.2.246.578.3.184.574525;;'feeder_station;'2024-02-06T11:13Z;;'Itä-Suomi;'Kouvola;'6;;'1611 Kotka ratapiha;;;;;'494888.33374567615;'6706875.464285267;'26.906954522833097;'60.49797698110388;;'221;'221 JRI-KTA;'0238+0568;'0238+0568;'HOS SA;'1x25kV;'HOVINSAARI SA;'Väylävirasto;;;;;;;
'IN USE;'1.2.246.578.3.184.571669;;'feeder_station;'2024-02-06T11:13Z;;'Itä-Suomi;'Kouvola;'6;;'1602 (Kouvola)–Juurikorpi–(Kotka) / (Hamina);;;;;'492334.4626675593;'6726913.043625726;'26.859689565985448;'60.677842583801024;;'221;'221 LR KV-JRI;'0215+0250;'0215+0250;'MRL SA;'1x25kV;'MARINKYLÄ SA;'Väylävirasto;;;;;;;
'IN USE;'1.2.246.578.3.184.571674;;'feeder_station;'2024-02-06T11:56Z;;'Itä-Suomi;'Kouvola;'6;;'1602 (Kouvola)–Juurikorpi–(Kotka) / (Hamina);;;;;'509061.1232194435;'6716342.95435281;'27.165368560210695;'60.582911254574846;;'222;'222;'0240+0150;'0240+0150;'MLV SA;'1x25kV;'MYLLYVUORI SA;'Väylävirasto;;;;;;;
'IN USE;'1.2.246.578.3.184.362493;;'feeder_station;'2024-02-06T10:42Z;;'Etelä-Suomi;'Tampere;'2;;'1203 (Turku)–(Toijala);;;;;'316210.6301080955;'6770269.546800661;'23.59823536979655;'61.024304149672034;;'321;'321;'0170+0287;'0170+0287;'HHS SA;'1x25kV;'Hanhisuo SA;'Väylävirasto;;;;;;;
'IN USE;'1.2.246.578.3.184.362494;;'feeder_station;'2024-02-06T10:42Z;;'Etelä-Suomi;'Tampere;'2;;'1203 (Turku)–(Toijala);;;;;'287084.4760986782;'6753474.353798184;'23.07910042327307;'60.859227344730144;;'321;'321;'0207+0180;'0207+0180;'HMI SA;'1x25kV;'Hulmi SA;'Väylävirasto;;;;;;;
'IN USE;'1.2.246.578.3.184.362495;;'feeder_station;'2024-02-06T10:42Z;;'Etelä-Suomi;'Tampere;'2;;'1203 (Turku)–(Toijala);;;;;'258143.90761974474;'6730730.650468851;'22.5760877430537;'60.6390746704368;;'321;'321;'0245+0300;'0245+0300;'ORI SA;'1x25kV;'Orimäki SA;'Väylävirasto;;;;;;;
'IN USE;'1.2.246.578.3.184.774418;;'feeder_station;'2024-02-06T10:42Z;;'Etelä-Suomi;'Helsinki;'2;;'1202 (Turku)–Uusikaupunki–Hangonsaari;;;;;'230024.35468732467;'6726777.912685521;'22.06926894885102;'60.58576499323447;;'332;'332;'0219+0800;'0219+0800;'NOU SA;'1x25kV;'NOUSIAINEN SA;'Väylävirasto;;;;;;;
'IN USE;'1.2.246.578.3.184.774440;;'feeder_station;'2024-02-06T10:42Z;;'Etelä-Suomi;'Helsinki;'2;;'1202 (Turku)–Uusikaupunki–Hangonsaari;;;;;'211063.5984431174;'6740909.1162048085;'21.703900921042127;'60.69891131796191;;'332;'332;'0245+0500;'0245+0500;'VEH SA;'1x25kV;'VEHMAA SA;'Väylävirasto;;;;;;;
'IN USE;'1.2.246.578.3.184.362506;;'feeder_station;'2024-02-06T08:11Z;;'Länsi-Suomi;'Tampere;'4;;'1403 (Kokemäki)–(Rauma);;;;;'235697.42409941542;'6796027.063616469;'22.07767179358485;'61.209011063832925;;'342;'342;'0298+0020;'0298+0020;'EKI SA;'1x25kV;'Eurakoski SA;'Väylävirasto;;;;;;;
'IN USE;'1.2.246.578.3.184.362507;;'feeder_station;'2024-02-06T08:11Z;;'Länsi-Suomi;'Tampere;'4;;'1403 (Kokemäki)–(Rauma);;;;;'205394.48481722228;'6790179.579129227;'21.52529248276264;'61.13513488880101;;'342;'342;'0329+0826;'0329+0826;'ÄHÖ SA;'1x25kV;'Äyhö SA;'Väylävirasto;;;;;;;
'IN USE;'1.2.246.578.3.184.362481;;'feeder_station;'2024-02-06T11:14Z;;'Länsi-Suomi;'Tampere;'5;;'1505 (Seinäjoki)–Vaasa–Vaskiluoto;;;;;'274444.8235985929;'6983830.2542787315;'22.557418399611752;'62.914285867759155;;'431;'431;'0438+0250;'0438+0250;'HPO SA;'1x25kV;'Haapoja SA;'Väylävirasto;;;;;;;
'IN USE;'1.2.246.578.3.184.362482;;'feeder_station;'2024-02-06T11:14Z;;'Länsi-Suomi;'Tampere;'5;;'1505 (Seinäjoki)–Vaasa–Vaskiluoto;;;;;'240200.33725405732;'7000934.593297529;'21.859077012239656;'63.044395128473795;;'431;'431;'0478+0520;'0478+0520;'MSR SA;'1x25kV;'Mustasaari SA;'Väylävirasto;;;;;;;
'IN USE;'1.2.246.578.3.184.402108;;'feeder_station;'2024-02-06T10:43Z;;'Pohjois-Suomi;'Oulu;'11;;'2105 (Oulu)–(Kontiomäki);;;;;'487576.09032000415;'7158283.455845468;'26.74089381584811;'64.54958349863013;;'531;'531;'0839+0688;'0839+0688;'HUO SA;'2x25kV;'Halmepuronsuo SA;'Väylävirasto;;;;;;;
'IN USE;'1.2.246.578.3.184.402104;;'feeder_station;'2024-02-06T10:43Z;;'Pohjois-Suomi;'Oulu;'11;;'2106 (Kontiomäki)–Vartius-raja;;;;;'596924.0211481969;'7148663.67893604;'29.0142842614236;'64.44969388912772;;'554;'554;'0707+0255;'0707+0255;'HEI SA;'2x25kV;'Heinipuron SA;'Väylävirasto;;;;;;;
'IN USE;'1.2.246.578.3.184.402061;;'feeder_station;'2024-02-06T08:11Z;;'Länsi-Suomi;'Oulu;'3;;'1310 Kokkola ratapiha;;;;;'308460.9886071433;'7082775.792321709;'23.107230947977033;'63.819792982007165;;'008;'KOK 541;'0549+0180;'0549+0180;'MES SA;'1x25kV;'Mesilä SA;'Väylävirasto;;;;;;;
'IN USE;'1.2.246.578.3.184.689912;;'feeder_station;'2024-02-06T10:42Z;;'Etelä-Suomi;'Helsinki;'1;;'1102 (Pasila)–(Riihimäki);;;;;'396000.25706678315;'6699534.3579605585;'25.111370320050447;'60.418710521449555;;'003;'KYT 668;'0030+0500;'0030+0500;'KÖA SA;'1x25kV;'KYTÖMAA SA;'Väylävirasto;;;;;;;
'IN USE;'1.2.246.578.3.184.915110;;'feeder_station;'2024-02-06T08:11Z;;'Länsi-Suomi;'Tampere;'4;;'1402 (Pori)–Mäntyluoto/Tahkoluoto;;;;;'210440.34649842663;'6839301.621554502;'21.542426895931072;'61.57790555041005;;'002;'MN 935;'0339+0915;'0339+0915;'MN SA;'1x25kV;'Mäntyluoto SA;'Väylävirasto;;;;;;;
'IN USE;'1.2.246.578.3.184.715068;;'feeder_station;'2024-02-06T08:11Z;;'Etelä-Suomi;'Helsinki;'1;;'1110 Pasila ratapiha;;;;;'385322.6418644828;'6676028.04431868;'24.930994220861397;'60.20490103497605;;'PAU 102;'PAU 121;'0003+0900;'0003+0900;'ILA SA;'1x25kV;'ILMALA SA;'Väylävirasto;;;;;;;
